[
  {
    "id": "1",
    "tela": "Cuerina",
    "composicion": ["80% PCV", "20% Poliester"],
    "rinde": 0.53,
    "ancho": 1.4,
    "precio": 750
  },
  {
    "id": "2",
    "tela": "Friselina",
    "composicion": ["100% Poliester"],
    "rinde": 0.53,
    "ancho": 1.4,
    "precio": 750
  },
  {
    "id": "3",
    "tela": "Friza",
    "composicion": ["100% Algodon"],
    "rinde": 0.525,
    "ancho": 2.0,
    "precio": 1700
  },
  {
    "id": "4",
    "tela": "Lienzo",
    "composicion": ["100% Algodon"],
    "rinde": 0.52,
    "ancho": 2.4,
    "precio": 700
  },
  {
    "id": "5",
    "tela": "Toalla",
    "composicion": ["100% Algodon"],
    "rinde": 0.54,
    "ancho": 1.5,
    "precio": 1800
  }
]
